CLF,accuracy,f1,auc
LogReg,0.9888303399085998,0.9762835878902137,0.9909466003165166
SVM,0.9892159461975097,0.977018850240397,0.9909619919717555
rf,0.987673532962799,0.9738399996677533,0.9886908180404234
