CLF,accuracy,f1,auc
LogReg,0.6385200023651123,0.548878147305478,0.6248134367928209
SVM,0.9775200009346008,0.9745890709828308,0.9721339351356569
rf,0.9806800007820129,0.9780681519543855,0.9790976825013551
