CLF,accuracy,f1,auc
LogReg,0.988883125782013,0.9763443076936605,0.9910986499485672
SVM,0.9892863750457763,0.976631352423673,0.9918942557017673
rf,0.9879285573959351,0.9743771468907896,0.9889301436126923
