CLF,accuracy,f1,auc
LogReg,0.6461199998855591,0.5632217117773715,0.6338650510440654
SVM,0.9741999983787537,0.975605574404678,0.9777180360987362
rf,0.9840399980545044,0.9815901157844081,0.9827253122183895
