CLF,accuracy,f1,auc
LogReg,0.7298681735992432,0.7160204190796383,0.638911104463827
SVM,0.6397494554519654,0.6216132771376589,0.7265363937551333
rf,0.7196439027786254,0.7160944663505007,0.720079077245707
