CLF,accuracy,f1,auc
LogReg,0.636291241645813,0.5440432444521093,0.6219823117898381
SVM,0.9336737632751465,0.9254962941368976,0.9319647243039499
rf,0.8651694059371948,0.8392630850988565,0.8579214611194667
