CLF,accuracy,f1,auc
LogReg,0.6887199997901916,0.7025466717396698,0.6383131303506462
SVM,0.9635999917984008,0.9838780828383523,0.8760271529322046
rf,0.9999600052833557,1.0,0.999958864664747
