CLF,accuracy,f1,auc
LogReg,0.6815236628055572,0.6958055110375014,0.6367982358881303
SVM,0.642954409122467,0.6348848652589867,0.6788228534849561
rf,0.7190114617347717,0.7178878262547305,0.7176861468547885
