CLF,accuracy,f1,auc
LogReg,0.7324000000953674,0.7295603730276986,0.732381844723003
SVM,0.73264000415802,0.7332895658419674,0.7329568300942001
rf,0.9996000051498413,0.9996403267566748,0.9995996743622306
