CLF,accuracy,f1,auc
LogReg,0.7317892909049988,0.7320462028434845,0.7319032230044098
SVM,0.7292068004608154,0.7289962376926,0.7300075318890773
rf,0.7227710604667663,0.7170675655905128,0.7225847835761738
