CLF,accuracy,f1,auc
LogReg,0.6294938087463379,0.5147793362425607,0.5961526150803695
SVM,0.9294798016548157,0.9211554907127368,0.9301613178998794
rf,0.8669778823852539,0.8442172243748859,0.8605989794663802
