CLF,accuracy,f1,auc
LogReg,0.9892000079154968,0.9770700539608675,0.991693672601294
SVM,0.9915199995040893,0.9821851580466984,0.993780489074777
rf,0.989519989490509,0.9774611574192142,0.9907152544456508
