CLF,accuracy,f1,auc
LogReg,0.7443795323371887,0.7378938066944414,0.6971988389303345
SVM,0.7495341181755066,0.7552975060344572,0.7504707870538188
rf,0.7570649862289429,0.7609887586248177,0.757471216379867
