CLF,accuracy,f1,auc
LogReg,0.6396392822265625,0.5490458015434354,0.6255940589010951
SVM,0.9375150442123413,0.9301786590785175,0.9352864433090952
rf,0.8714629292488099,0.8469904103246033,0.8646511000085709
