CLF,accuracy,f1,auc
LogReg,0.6974181532859802,0.7351250338504551,0.5493214769712946
SVM,0.7475785851478577,0.7503942934146766,0.7472644791409851
rf,0.7586480736732483,0.7535677856113793,0.7589759566421244
