CLF,accuracy,f1,auc
LogReg,0.9892000079154968,0.9771548157512632,0.9913470209489809
SVM,0.9908399820327759,0.9803352210519339,0.9930729080088414
rf,0.9907999873161316,0.9803047107103309,0.9920763629629119
