CLF,accuracy,f1,auc
LogReg,0.7052799940109253,0.742147404174563,0.5514301893231007
SVM,0.7842799901962281,0.7738563902736033,0.801809466915358
rf,0.9801599979400635,0.9740769357764613,0.9800245156844392
