CLF,accuracy,f1,auc
LogReg,0.9889408946037292,0.9765702485539869,0.9909717728925941
SVM,0.9893767952919006,0.9775225553652657,0.9919778835188289
rf,0.9874867796897888,0.9734943444136158,0.9883616628087164
